{"cameraMode":{"drawMode":0,"name":"Shaded","section":"Shading Mode"},"sceneLighting":false,"audioPlay":false,"sceneViewState":{"showFog":true,"showMaterialUpdate":true,"showSkybox":true,"showFlares":true,"showImageEffects":true,"showParticleSystems":true},"in2DMode":false,"pivot":{"x":1.8011351823806763,"y":-0.6245155930519104,"z":0.4297851324081421},"rotation":{"x":-0.0489027202129364,"y":0.9505289793014526,"z":-0.19901761412620545,"w":-0.23349983990192414},"size":2.889577865600586,"orthographic":false}