{"cameraMode":{"drawMode":0,"name":"Shaded","section":"Shading Mode"},"sceneLighting":true,"audioPlay":false,"sceneViewState":{"showFog":true,"showMaterialUpdate":true,"showSkybox":true,"showFlares":true,"showImageEffects":true,"showParticleSystems":true},"in2DMode":false,"pivot":{"x":3.983269214630127,"y":1.247963786125183,"z":5.308957576751709},"rotation":{"x":-0.011406165547668934,"y":0.9602821469306946,"z":-0.2760274410247803,"w":-0.03977220505475998},"size":0.631253719329834,"orthographic":false}