{"cameraMode":{"drawMode":0,"name":"Shaded","section":"Shading Mode"},"sceneLighting":false,"audioPlay":false,"sceneViewState":{"showFog":true,"showMaterialUpdate":true,"showSkybox":true,"showFlares":true,"showImageEffects":true,"showParticleSystems":true},"in2DMode":false,"pivot":{"x":7.716662406921387,"y":4.725864410400391,"z":6.607569694519043},"rotation":{"x":0.01979827880859375,"y":-0.9252323508262634,"z":0.3758005201816559,"w":0.04891832917928696},"size":3.1739003658294679,"orthographic":false}