{"cameraMode":{"drawMode":0,"name":"Shaded","section":"Shading Mode"},"sceneLighting":false,"audioPlay":false,"sceneViewState":{"showFog":true,"showMaterialUpdate":true,"showSkybox":true,"showFlares":true,"showImageEffects":true,"showParticleSystems":true},"in2DMode":false,"pivot":{"x":0.5429999828338623,"y":0.8759999871253967,"z":3.433000087738037},"rotation":{"x":0.016411317512392999,"y":-0.983469545841217,"z":0.13508373498916627,"w":0.11948245763778687},"size":1.0344041585922242,"orthographic":true}