{"cameraMode":{"drawMode":0,"name":"Shaded","section":"Shading Mode"},"sceneLighting":false,"audioPlay":false,"sceneViewState":{"showFog":true,"showMaterialUpdate":true,"showSkybox":true,"showFlares":true,"showImageEffects":true,"showParticleSystems":true},"in2DMode":false,"pivot":{"x":0.481231689453125,"y":1.0107499361038209,"z":3.0238916873931886},"rotation":{"x":0.06733454763889313,"y":-0.7828890085220337,"z":0.08607394248247147,"w":0.6125059723854065},"size":0.3095308244228363,"orthographic":false}